4troxoi,53
action24,75
aetos-grevena.blogspot,91
aixmi-news,28
alphapatras,90
arionradio,52
astology,247
athensmagazine,31
athensparty,52
bovary,2
caruso,2
cnn,50
culturenow,90
cyclades24,40
downtown,235
e-daily,52
e-forologia,85
efsyn,55
eirinika,2
elculture,112
elle,53
enikonomia,52
enikos,2
enimerosi,151
epirusonline,91
e-radio.com.cy,133
e-radio,52
ered,78
ereportaz,140
ert,77
evianews,43
evima,51
evros24,64
ew,75
exploringgreece,81
fokidanews,91
gazzetta,38
gossip-tv,51
gr.hellomagazine.com,38
hlektra,90
huffingtonpost,88
iatronet,62
ilialive,75
imerisia,53
infokids,207
instyle,78
ipop,91
karatzova,84
karditsanews,91
kerkyrasimera,84
killdeal,166
kozanilife,248
ladylike,80
larissanet,81
magnesianews,81
mama365,71
mancode,85
meteo,2
mixanitouxronou,54
mothersblog,51
newpost,2
news,72
news247,68
newsbeast,84
newsbomb,48
newse,44
newsit,52
newspolis,2
odelalis,90
okmag,90
olaprasina1908,71
oneman,106
onmed,51
onsports,51
oolala,273
paopantou,90
paratiritis-news,91
patrasevents,90
patrisnews,74
pink,52
politischios,90
prevezatoday,90
proininews,100
proinos-typos,91
provocateur,51
queen,51
radiolasithi,90
ratpack,51
real,74
rocking,67
rollingstone,85
samosvoice,84
sinidisi,167
skai,51
sportdog,2
stonisi,65
svouranews,279
talentabout,126
thestival,69
thrakikiagora,34
thrakisports,47
tlife,51
travelstyle,31
trifilara,72
trikalaidees,90
trikalavoice,60
tv-24,90
unboxholics,34
valueforlife,62
xanthidaily,90
youweekly,30
zarpanews,66
zinapost,78
znews,70
